,name,0,1,2
0,IR001723,33.135537792863985,33.54552134892058,
1,IR001724,32.78164296606518,32.045466774748114,
2,IR001727,31.84365832914465,31.48635982843151,
3,IR001726,33.7090421736306,31.422859460209015,
4,IR001772,32.21100019293303,,
